,City Name,Country,Latitude,Longitude,Maximum Temperature (d/c),Humidity (%),Cloudiness (%),Wind Speed (km/h),Date
0,Punta Arenas,CL,-53.15,-70.9167,1.06,86,20,2.06,1651841108
1,Chui,UY,-33.6971,-53.4616,16.19,67,0,2.31,1651841108
2,Suffolk,US,40.8668,-72.7996,13.95,88,100,2.57,1651841108
3,Puerto Escondido,MX,15.85,-97.0667,23.46,83,0,3.09,1651841109
4,Yellowknife,CA,62.456,-114.3525,6.29,70,75,3.6,1651841109
5,Grindavik,IS,63.8424,-22.4338,4.97,65,75,8.23,1651841110
6,Paamiut,GL,61.994,-49.6678,1.11,99,100,1.37,1651841110
7,Alofi,NU,-19.0595,-169.9187,20.94,94,0,0.51,1651841110
8,Barrow,US,71.2906,-156.7887,-6.99,86,100,5.14,1651841111
9,Napanee,CA,44.2501,-76.9494,11.14,58,100,5.67,1651841111
10,Mossamedes,AO,-15.1961,12.1522,35.35,41,0,2.57,1651841111
11,Hilo,US,19.7297,-155.09,26.27,93,75,2.06,1651841112
12,Ushuaia,AR,-54.8,-68.3,2.81,75,40,5.66,1651841112
13,Bredasdorp,ZA,-34.5322,20.0403,17.53,74,100,5.43,1651841112
14,Huejuquilla el Alto,MX,22.6,-103.8667,15.65,46,0,0.92,1651841113
15,Hofn,IS,64.2539,-15.2082,6.01,33,0,11.83,1651841113
16,Kahului,US,20.8947,-156.47,23.8,76,75,6.26,1651841113
17,Tautira,PF,-17.7333,-149.15,27.17,75,22,1.89,1651841114
18,Ambon City,ID,-3.6954,128.1814,26.08,94,40,0.51,1651840941
19,Atuona,PF,-9.8,-139.0333,26.1,67,57,7.65,1651840909
20,Ust-Nera,RU,64.5667,143.2,-2.4,97,93,2.63,1651841115
21,Morehead,US,37.2711,-87.1764,17.14,97,40,2.06,1651841115
22,Mataura,NZ,-46.1927,168.8643,10.27,89,100,1.05,1651841115
23,Jamestown,US,42.097,-79.2353,12.23,90,100,3.09,1651841116
24,Lompoc,US,34.6391,-120.4579,11.62,88,100,9.83,1651841116
25,Vaini,TO,-21.2,-175.2,23.09,88,20,2.06,1651841117
26,Young,UY,-32.6833,-57.6333,17.45,78,56,1.54,1651841117
27,Severo-Kuril'sk,RU,50.6789,156.125,2.08,82,10,2.48,1651841117
28,Mayor Pablo Lagerenza,PY,-19.9309,-60.7718,20.89,54,0,1.74,1651841118
29,St. George's,GD,12.0564,-61.7485,28.82,70,40,7.72,1651841118
30,Ancud,CL,-41.8697,-73.8203,11.18,90,100,2.7,1651841118
31,Rikitea,PF,-23.1203,-134.9692,25.28,86,100,6.28,1651841119
32,Lady Frere,ZA,-31.7031,27.2329,25.17,20,3,5.32,1651841119
33,Hermanus,ZA,-34.4187,19.2345,14.33,91,100,7.03,1651841119
34,Cloquet,US,46.7216,-92.4594,5.75,72,0,3.09,1651841120
35,Kapaa,US,22.0752,-159.319,24.18,85,100,9.26,1651841120
36,Cherskiy,RU,68.75,161.3,-0.31,99,100,2.88,1651841120
37,New Norfolk,AU,-42.7826,147.0587,10.72,74,100,0.45,1651840886
38,Vila Velha,BR,-20.3297,-40.2925,24.97,83,100,4.63,1651841121
39,Kruisfontein,ZA,-34.0033,24.7314,19.16,64,53,7.82,1651841121
40,Nizhniy Baskunchak,RU,48.2198,46.8311,13.75,26,100,9.82,1651841122
41,Saskylakh,RU,71.9167,114.0833,-7.74,83,100,7.06,1651841122
42,Bathsheba,BB,13.2167,-59.5167,27.34,78,20,7.72,1651841122
43,Ankazoabo,MG,-22.2833,44.5167,31.2,32,30,2.43,1651841122
44,Arraial do Cabo,BR,-22.9661,-42.0278,22.92,88,75,8.23,1651841123
45,Pevek,RU,69.7008,170.3133,-7.66,94,100,2.53,1651841123
46,Inta,RU,66.0317,60.1659,-1.35,61,100,5.56,1651841123
47,Bethel,US,41.3712,-73.414,14.29,67,100,1.54,1651841129
48,Laas,IT,46.6166,10.7002,14.27,96,100,0.92,1651841129
49,Bambous Virieux,MU,-20.3428,57.7575,26.23,69,75,6.69,1651841129
50,Albany,US,42.6001,-73.9662,12.52,60,100,1.22,1651841130
51,Nyurba,RU,63.2842,118.3319,0.94,99,88,2.09,1651841130
52,Mount Isa,AU,-20.7333,139.5,18.87,42,37,5.14,1651841130
53,Port Elizabeth,ZA,-33.918,25.5701,20.73,80,40,7.72,1651841131
54,Port Blair,IN,11.6667,92.75,26.02,89,100,3.09,1651841131
55,Hithadhoo,MV,-0.6,73.0833,29.46,74,63,7.04,1651841131
56,Dikson,RU,73.5069,80.5464,-8.43,78,89,7.43,1651841132
57,Flinders,AU,-34.5833,150.8552,11.77,67,0,0.89,1651841132
58,Pozo Colorado,PY,-23.4923,-58.7972,20.75,70,0,1.6,1651841132
59,Vaitape,PF,-16.5167,-151.75,26.94,76,21,0.95,1651841133
60,Dhidhdhoo,MV,6.8833,73.1,29.61,71,63,5.44,1651841133
61,Torbay,CA,47.6666,-52.7314,5.88,94,100,6.17,1651841133
62,Bengkulu,ID,-3.8004,102.2655,25.88,89,100,3.36,1651840841
63,Berlevåg,NO,70.8578,29.0864,4.89,83,100,9.96,1651841134
64,Pantai Remis,MY,4.4557,100.6288,30.01,85,100,3.52,1651841134
65,Westport,US,41.1415,-73.3579,14.22,87,100,4.12,1651841135
66,Skibbereen,IE,51.55,-9.2667,14.5,93,100,7.98,1651841135
67,Mogadishu,SO,2.0371,45.3438,30.93,74,20,7.2,1651840851
68,La Asuncion,VE,11.0333,-63.8628,26.37,79,87,6.54,1651841135
69,Bandarbeyla,SO,9.4942,50.8122,30.22,72,0,8.12,1651841136
70,Port Hedland,AU,-20.3167,118.5667,25.03,36,0,3.6,1651841136
71,Port Said,EG,31.2565,32.2841,21.99,64,0,5.14,1651841137
72,Denpasar,ID,-8.65,115.2167,28.81,88,20,3.6,1651840873
73,Nishihara,JP,26.1842,127.7558,23.6,97,100,6.17,1651841066
74,Te Anau,NZ,-45.4167,167.7167,11.83,94,100,0.66,1651841137
75,Saint Paul Harbor,US,57.79,-152.4072,5.73,75,100,4.12,1651841138
76,Senanga,ZM,-16.1167,23.2667,25.63,43,100,1.27,1651841139
77,Sitka,US,57.0531,-135.33,2.94,93,100,0.0,1651841139
78,Tasiilaq,GL,65.6145,-37.6368,-1.91,48,25,2.6,1651841139
79,La Ronge,CA,55.1001,-105.2842,2.14,93,100,4.63,1651841140
80,Jalu,LY,29.0331,21.5482,33.48,11,100,5.07,1651841140
81,Cape Town,ZA,-33.9258,18.4232,15.23,93,75,3.13,1651841063
82,Fortuna,US,40.5982,-124.1573,14.4,92,100,2.24,1651841141
83,Ostrovnoy,RU,68.0531,39.5131,2.16,99,100,6.74,1651841141
84,Avarua,CK,-21.2078,-159.775,23.03,100,23,1.03,1651841141
85,Busselton,AU,-33.65,115.3333,13.73,61,0,3.14,1651841142
86,Kuito,AO,-12.3833,16.9333,24.08,78,0,2.57,1651841142
87,Korla,CN,41.7597,86.1469,25.8,31,100,4.31,1651841143
88,Forsytheganj,BY,52.6333,29.7333,15.94,42,72,3.8,1651841143
89,George Town,MY,5.4112,100.3354,30.96,82,20,4.63,1651841105
90,Butaritari,KI,3.0707,172.7902,27.6,69,100,7.31,1651841144
91,Contamana,PE,-7.3333,-75.0167,24.47,62,26,0.53,1651841149
92,Ripky,UA,51.801,31.0838,18.39,44,23,3.66,1651841149
93,Qaanaaq,GL,77.484,-69.3632,-8.19,72,100,4.6,1651841150
94,Kaitangata,NZ,-46.2817,169.8464,12.48,82,100,1.34,1651841150
95,Yaan,NG,7.3833,8.5667,31.41,50,100,3.44,1651841150
96,Lebu,CL,-37.6167,-73.65,11.61,85,4,2.21,1651841151
97,San Cristobal,VE,7.7669,-72.225,21.1,58,81,0.84,1651841152
98,Nouakchott,MR,18.0858,-15.9785,33.96,45,0,5.04,1651840925
99,Anjiang,CN,27.3194,110.1031,20.8,91,100,0.47,1651841152
100,Samarai,PG,-10.6167,150.6667,28.0,80,100,4.8,1651841153
101,Ustka,PL,54.5805,16.8619,11.86,69,14,5.66,1651840913
102,Mar del Plata,AR,-38.0023,-57.5575,14.97,71,0,3.09,1651841153
103,Isangel,VU,-19.55,169.2667,22.06,94,27,2.06,1651841153
104,Nanortalik,GL,60.1432,-45.2371,2.11,99,100,5.11,1651841154
105,Ca Mau,VN,9.1769,105.15,27.43,83,100,2.83,1651841154
106,Yaring,TH,6.8662,101.3689,28.49,85,100,4.18,1651841154
107,Rong Kwang,TH,18.339,100.3174,26.65,72,29,1.34,1651841155
108,Kadom,RU,54.5592,42.4675,11.95,40,32,2.11,1651841155
109,Cidreira,BR,-30.1811,-50.2056,18.17,66,0,1.47,1651841155
110,Port Hardy,CA,50.6996,-127.4199,6.0,93,40,1.54,1651841156
111,Bilibino,RU,68.0546,166.4372,-3.04,93,100,0.84,1651841156
112,Shaki,AZ,41.0833,47.1667,22.11,51,87,4.21,1651841157
113,Faanui,PF,-16.4833,-151.75,26.94,76,16,0.88,1651841157
114,Havøysund,NO,70.9963,24.6622,7.13,94,92,10.34,1651841157
115,Joshīmath,IN,30.5667,79.5667,18.17,76,99,2.74,1651841158
116,Valparaíso,CL,-33.0393,-71.6273,13.04,84,100,1.03,1651841162
117,Hong Kong,HK,22.2855,114.1577,26.03,80,100,4.02,1651841140
118,Iquitos,PE,-3.7481,-73.2472,23.02,94,100,0.0,1651841163
119,Saint-Augustin,CA,51.226,-58.6502,2.45,55,97,6.08,1651841164
120,Katsuura,JP,35.1333,140.3,17.61,85,100,2.39,1651841164
121,Dingle,PH,10.9995,122.6711,27.03,75,89,3.11,1651841164
122,Port Alfred,ZA,-33.5906,26.891,21.77,82,0,2.68,1651841165
123,Bluff,NZ,-46.6,168.3333,10.45,89,100,2.32,1651841165
124,Marabu,MY,4.4148,114.0089,28.08,94,40,2.06,1651841165
125,La Santisima Trinidad,BO,-14.8333,-64.9,18.99,72,0,2.57,1651841166
126,Dauriya,RU,49.9333,116.8667,4.74,22,0,2.77,1651841166
127,Ulladulla,AU,-35.35,150.4667,10.5,57,0,4.4,1651841166
128,Manavgat,TR,36.7867,31.4431,23.07,32,4,9.48,1651841167
129,Shingū,JP,33.7333,135.9833,15.45,91,82,3.35,1651841167
130,Auki,SB,-8.7676,160.7034,25.85,86,3,1.79,1651841167
131,Codrington,AU,-38.2667,141.9667,10.81,76,100,6.48,1651841168
132,Salamiyah,SY,35.0113,37.0532,20.04,27,43,11.03,1651841168
133,Lüderitz,NA,-26.6481,15.1594,19.12,66,0,9.77,1651841168
134,Gori,GE,41.9842,44.1158,14.8,68,95,5.13,1651841174
135,Dzheguta,RU,43.9671,42.0426,4.5,97,100,2.83,1651841175
136,Kiryat Gat,IL,31.61,34.7642,22.66,41,0,7.78,1651841175
137,Nikolskoye,RU,59.7035,30.7861,15.94,57,98,2.9,1651841176
138,Vestmanna,FO,62.1564,-7.1664,7.51,71,40,10.8,1651841176
139,Geraldton,AU,-28.7667,114.6,18.23,39,0,5.14,1651841177
140,Coffs Harbour,AU,-30.3,153.1333,17.3,88,73,3.09,1651841177
141,Karratha,AU,-20.7377,116.8463,26.93,33,0,5.6,1651841178
142,Eydhafushi,MV,5.1033,73.0708,29.11,75,100,6.15,1651841178
143,Cody,US,44.5263,-109.0565,12.12,49,40,3.6,1651841178
144,Wawa,NG,9.9022,4.4192,33.05,46,100,3.81,1651841179
145,Ryōtsu-minato,JP,38.0833,138.4333,15.86,60,0,1.78,1651840968
146,Sungai Raya,ID,0.7,108.9,27.39,82,99,2.11,1651841179
147,Hobart,AU,-42.8794,147.3294,10.92,81,75,3.09,1651840875
148,Matagami,CA,49.7502,-77.6328,-3.94,80,100,2.06,1651841179
149,Nevers,FR,46.9896,3.159,20.84,46,0,5.14,1651841180
150,Tuktoyaktuk,CA,69.4541,-133.0374,-4.0,93,100,5.66,1651841180
151,Kavieng,PG,-2.5744,150.7967,28.48,76,100,6.86,1651841180
152,East London,ZA,-33.0153,27.9116,22.52,78,0,5.14,1651841181
153,Zaragoza,ES,41.6561,-0.8773,21.36,38,20,10.8,1651841181
154,Carman,CA,49.4992,-98.0016,8.27,93,100,2.57,1651841181
155,Merauke,ID,-8.4667,140.3333,26.48,84,29,5.31,1651840991
156,Nouadhibou,MR,20.931,-17.0347,28.99,30,0,6.17,1651841182
157,‘Āhuimanu,US,21.4447,-157.8378,23.84,81,75,7.72,1651841182
158,Clarence Town,AU,-32.5833,151.7833,13.64,66,0,1.99,1651841183
159,Broken Hill,AU,-31.95,141.4333,9.84,66,7,2.57,1651841183
160,Margate,GB,51.3813,1.3862,21.17,78,63,3.64,1651841183
161,Faya,SA,18.3851,42.4509,26.06,37,13,6.29,1651841184
162,Bar Harbor,US,44.3876,-68.2039,10.85,45,0,1.54,1651841184
163,Provideniya,RU,64.3833,-173.3,-3.17,86,29,1.12,1651841184
164,Eston,CA,51.1501,-108.7514,13.05,57,100,6.53,1651841184
165,Leningradskiy,RU,69.3833,178.4167,-12.12,96,100,2.35,1651841185
166,Sânmartin,RO,46.2667,25.9333,19.7,39,36,3.81,1651841185
167,Lagdo,CM,9.05,13.7333,41.3,20,59,2.03,1651841185
168,Saint Lawrence,MT,36.0553,14.204,19.67,89,0,9.52,1651841186
169,Adrar,MR,20.5022,-10.0711,35.35,10,6,4.27,1651841186
170,Mapiripán,CO,2.8892,-72.1256,23.43,87,100,2.1,1651841186
171,Kieta,PG,-6.2167,155.6333,26.79,81,100,2.22,1651841187
172,Egvekinot,RU,66.3167,-179.1667,-10.73,98,100,0.76,1651841187
173,Salalah,OM,17.0151,54.0924,31.05,74,0,6.69,1651841187
174,Quang Ngai,VN,15.1167,108.8,25.02,94,100,0.63,1651841031
175,Algiers,DZ,36.7525,3.042,18.9,60,40,4.63,1651841188
176,Esperance,AU,-33.8667,121.9,12.91,76,0,6.12,1651841189
177,Isoka,ZM,-10.1606,32.6335,22.41,65,93,2.74,1651841189
178,Ponnāni,IN,10.767,75.9252,28.62,77,37,4.76,1651841195
179,Pasni,PK,25.2631,63.471,27.95,75,0,5.75,1651841195
180,Nenzing,AT,47.1386,9.6744,10.38,86,100,1.79,1651841195
181,Upernavik,GL,72.7868,-56.1549,-10.57,67,53,1.06,1651841196
182,Qingdao,CN,36.0986,120.3719,16.78,88,0,2.0,1651840687
183,Latung,PH,5.5,120.8833,29.05,78,32,3.19,1651841196
184,Airai,TL,-8.9266,125.4092,15.84,95,36,1.44,1651841197
185,Tessalit,ML,20.1986,1.0114,37.92,11,100,2.61,1651841197
186,Guerrero Negro,MX,27.9769,-114.0611,14.11,92,67,3.25,1651841197
187,Khatanga,RU,71.9667,102.5,-7.22,84,100,11.6,1651841198
188,Abu Samrah,SY,35.3029,37.1841,20.4,26,95,9.64,1651841198
189,Moose Factory,CA,51.2585,-80.6094,-3.0,86,100,2.06,1651841198
190,Mayumba,GA,-3.432,10.6554,28.59,76,80,3.11,1651841199
191,Dubbo,AU,-32.25,148.6167,5.07,87,0,1.54,1651841066
192,Alice Springs,AU,-23.7,133.8833,11.75,40,99,3.09,1651840955
193,San Policarpo,PH,12.1791,125.5072,27.39,84,12,4.5,1651841199
194,Riyadh,SA,24.6877,46.7219,39.08,11,86,3.52,1651841153
195,Uttaradit,TH,17.6667,100.5,22.99,90,94,1.65,1651841200
196,San Patricio,US,28.017,-97.5169,27.13,90,22,2.62,1651841200
197,Ponta do Sol,PT,32.6667,-17.1,24.84,65,45,1.79,1651841200
198,Thompson,CA,55.7435,-97.8558,7.09,70,75,2.06,1651841201
199,San Luis,AR,-33.295,-66.3356,17.19,35,100,0.57,1651841201
200,Shambu,ET,9.5667,37.1,25.29,17,76,2.25,1651841201
201,Novikovo,RU,51.1537,37.8879,13.55,40,7,3.05,1651841202
202,Haines Junction,CA,60.7522,-137.5108,-5.03,86,75,0.51,1651841202
203,Castro,BR,-24.7911,-50.0119,15.74,79,39,2.13,1651841202
204,São Paulo do Potengi,BR,-5.895,-35.7628,25.06,63,99,5.75,1651841203
205,Sioux Lookout,CA,50.1001,-91.917,5.04,56,20,3.09,1651841203
206,Sainte-Suzanne,RE,-20.9061,55.6089,27.12,83,75,7.72,1651841204
207,Paka,MY,4.6374,103.4368,28.96,89,100,0.0,1651841116
208,Chunhuhub,MX,19.55,-88.6833,25.89,82,41,2.43,1651841205
209,Yulara,AU,-25.2406,130.9889,13.91,33,0,3.6,1651841205
210,Deer Lake,CA,49.1667,-57.4316,3.92,70,100,1.54,1651841206
211,Puttūr,IN,12.7667,75.2167,29.06,94,100,0.86,1651841206
212,San Vicente,AR,-26.6167,-54.1333,17.14,63,59,0.16,1651841206
213,Pisco,PE,-13.7,-76.2167,16.68,94,3,1.54,1651841207
214,Vanino,RU,49.0869,140.2543,10.85,60,100,5.15,1651841207
215,Bonavista,CA,48.6499,-53.1147,2.33,97,100,9.13,1651841207
216,Lukulu,ZM,-14.3707,23.242,27.43,38,98,1.74,1651841208
217,Mazyr,BY,52.0495,29.2456,16.29,41,100,4.02,1651841173
218,Port Lincoln,AU,-34.7333,135.8667,12.92,56,4,1.79,1651841209
219,Kommunar,RU,59.6206,30.39,15.74,55,99,2.22,1651841209
220,Måløy,NO,61.9353,5.1136,9.85,94,100,10.51,1651841209
221,Yarmouth,US,41.7057,-70.2286,14.44,55,0,1.54,1651841210
222,Narsaq,GL,60.9167,-46.05,9.12,98,100,2.99,1651841210
223,Olinda,BR,-8.0089,-34.8553,27.85,74,40,3.09,1651841215
224,Barra de Tecoanapa,MX,16.5167,-98.75,24.3,71,10,1.26,1651841216
225,Lüshunkou,CN,38.8,121.2667,12.73,90,100,0.81,1651841216
226,Palmer,US,42.1584,-72.3287,14.2,60,100,1.54,1651840957
227,Weligama,LK,5.9667,80.4167,27.28,84,52,4.51,1651841217
228,Ilulissat,GL,69.2167,-51.1,-3.99,39,0,0.51,1651841217
229,Norman Wells,CA,65.282,-126.8329,0.02,80,100,2.06,1651841217
230,Kalabo,ZM,-14.97,22.6814,26.25,43,100,1.39,1651841218
231,Limbang,MY,4.75,115.0,27.81,98,100,1.55,1651841218
232,Hobyo,SO,5.3505,48.5268,30.11,71,99,9.44,1651841218
233,Sovetskoye,RU,52.2861,85.4131,18.58,41,100,1.77,1651841218
234,Boueni,YT,-12.9025,45.0761,30.99,73,13,6.45,1651841219
235,Paris,FR,48.8534,2.3488,22.43,49,40,3.09,1651840951
236,Øksfjord,NO,70.2396,22.3479,7.1,98,100,2.88,1651841220
237,Dakar,SN,14.6937,-17.4441,33.49,61,0,6.17,1651841220
238,Ribeira Grande,PT,38.5167,-28.7,19.22,82,20,9.26,1651841221
239,Vao,NC,-22.6667,167.4833,23.87,72,2,10.66,1651841221
240,La Baule-Escoublac,FR,47.2922,-2.364,19.81,74,75,3.09,1651841222
241,Beloha,MG,-25.1667,45.05,29.66,44,34,4.36,1651841222
242,Lavrentiya,RU,65.5833,-171.0,-14.41,95,100,2.06,1651841222
243,Mahon,ES,39.8885,4.2658,20.31,45,20,11.83,1651841223
244,Kozlovo,RU,56.5167,36.2667,14.43,37,100,4.41,1651841223
245,Vryburg,ZA,-26.9566,24.7284,23.93,22,0,2.14,1651841223
246,Jinchang,CN,38.4953,102.1739,18.43,26,11,6.47,1651841224
247,Russell,US,32.3502,-85.1999,21.78,88,20,5.14,1651841224
248,Marzuq,YE,14.4,46.4667,32.86,16,32,6.39,1651841224
249,Ust'-Ishim,RU,57.6935,71.1665,1.24,87,100,10.12,1651841225
250,Redmond,US,47.674,-122.1215,8.53,89,100,1.51,1651841226
251,Awjilah,LY,29.1081,21.2869,33.73,11,100,5.16,1651841226
252,Barcelos,PT,41.5388,-8.6151,27.18,42,15,2.41,1651841226
253,Atar,MR,20.5169,-13.0499,36.03,20,5,4.12,1651841227
254,Koani,TZ,-6.1333,39.2833,28.79,74,75,5.14,1651841227
255,Ketchikan,US,55.3422,-131.6461,3.99,93,75,1.36,1651841227
256,Vestmannaeyjar,IS,63.4427,-20.2734,5.55,75,40,5.66,1651841228
257,Fairbanks,US,64.8378,-147.7164,3.47,91,100,1.54,1651841228
258,Nome,US,64.5011,-165.4064,-1.96,86,0,0.0,1651841228
259,Tuatapere,NZ,-46.1333,167.6833,12.56,90,100,1.93,1651841229
260,Chokurdakh,RU,70.6333,147.9167,-9.4,97,100,2.51,1651841229
261,Ponta Delgada,PT,37.7333,-25.6667,19.4,77,20,7.2,1651841230
262,Fuerte Olimpo,PY,-21.0415,-57.8738,22.27,56,0,1.21,1651841230
263,Province of Trapani,IT,37.8333,12.6667,17.38,82,75,7.72,1651841230
264,Nālūt,LY,30.3333,10.85,27.42,20,0,8.44,1651841231
265,Puerto Ayora,EC,-0.7393,-90.3518,23.08,89,100,3.34,1651841231
266,Deputatsky,RU,69.3,139.9,-12.31,98,77,1.76,1651841231
267,Rio Grande,BR,-32.035,-52.0986,17.06,76,0,1.54,1651841232
268,Muroto-misakicho,JP,33.2833,134.15,18.45,78,6,5.76,1651840972
269,Clyde River,CA,70.4692,-68.5914,-10.87,79,0,0.0,1651841237
270,Hervey Bay,AU,-25.2986,152.8535,23.12,84,100,2.1,1651841238
271,Saint George,US,37.1041,-113.5841,18.33,30,0,0.45,1651840962
272,Newala,TZ,-10.9431,39.2787,23.99,76,39,0.9,1651841238
273,Obama,JP,35.4958,135.746,18.31,81,0,3.22,1651841239
274,Tucuruí,BR,-3.7661,-49.6725,28.32,74,73,1.76,1651841239
275,Tayu,ID,-6.5397,111.0518,27.28,82,7,2.63,1651841240
276,Gamba,GA,-2.65,10.0,29.69,70,52,3.9,1651841240
277,São João da Barra,BR,-21.6403,-41.0511,23.05,69,65,5.23,1651841240
278,Carnarvon,AU,-24.8667,113.6333,22.04,68,58,4.12,1651841240
279,Kemisē,ET,10.7167,39.8667,31.01,20,8,6.1,1651841241
280,Tual,ID,-5.6667,132.75,29.54,75,100,8.75,1651841241
281,Hatten,DE,53.0167,8.35,21.51,44,55,3.22,1651841242
282,Talnakh,RU,69.4865,88.3972,-4.33,94,100,2.45,1651841243
283,Karaton,ID,-6.3424,106.1045,24.94,91,62,0.64,1651841243
284,Padang,ID,-0.9492,100.3543,26.03,85,100,1.22,1651841007
285,Mmabatho,ZA,-25.85,25.6333,24.98,22,20,2.06,1651841243
286,Anūpgarh,IN,29.1911,73.2086,40.78,9,1,4.67,1651841244
287,High Rock,BS,26.6208,-78.2833,25.01,74,5,3.33,1651841244
288,Anchorage,US,61.2181,-149.9003,7.03,73,100,5.14,1651841245
289,Chenghai,CN,23.4632,116.768,23.95,78,0,3.0,1651841245
290,Albury,AU,-36.0833,146.9167,6.68,96,75,1.79,1651841069
291,Austin,US,30.2672,-97.7431,19.68,94,20,0.89,1651841185
292,Pangnirtung,CA,66.1451,-65.7125,-14.0,85,0,0.0,1651841246
293,Azul,AR,-36.777,-59.8585,12.41,53,0,2.39,1651841246
294,Lorengau,PG,-2.0226,147.2712,27.97,80,70,3.6,1651841246
295,Hillsboro,US,45.5229,-122.9898,10.66,92,100,1.54,1651841247
296,Chiniot,PK,31.72,72.9789,39.06,13,0,2.62,1651841247
297,Kirkuk,IQ,35.4681,44.3922,26.7,16,0,11.08,1651841247
298,Fukuechō,JP,32.6881,128.8419,19.46,88,27,3.96,1651841171
299,Sobolevo,RU,54.4299,31.8996,14.3,46,79,4.69,1651841248
300,Bend,US,44.0582,-121.3153,10.05,77,0,3.09,1651841249
301,Sistranda,NO,63.7256,8.834,11.98,87,100,7.68,1651841249
302,Mayo,US,38.8876,-76.5119,15.07,91,100,4.63,1651841249
303,Nabīnagar,BD,23.8917,90.9733,28.07,61,34,0.82,1651841250
304,Dudinka,RU,69.4058,86.1778,-4.1,95,94,3.28,1651841250
305,Kalach-na-Donu,RU,48.691,43.5264,12.65,30,99,7.63,1651841250
306,Cabedelo,BR,-6.9811,-34.8339,26.37,76,81,6.81,1651841251
307,Kungurtug,RU,50.5994,97.5228,9.94,56,100,0.99,1651841251
308,Tamboril,DO,19.4854,-70.611,23.72,88,75,2.57,1651841251
309,Klaksvík,FO,62.2266,-6.589,8.51,67,14,11.69,1651841252
310,Sola,VU,-13.8833,167.55,27.37,83,75,4.12,1651841252
311,Georgiyevka,KZ,43.0369,74.7114,23.02,56,40,5.0,1651841252
312,Ilhabela,BR,-23.7781,-45.3581,22.17,75,44,3.0,1651841252
313,Polunochnoye,RU,60.8697,60.4153,2.47,58,100,5.07,1651841253
314,Grand Gaube,MU,-20.0064,57.6608,26.32,69,76,4.47,1651841253
315,Urusha,RU,54.05,122.9,1.59,50,83,1.86,1651841253
316,Constitución,CL,-35.3333,-72.4167,13.15,80,0,2.02,1651841259
317,Laguna,US,38.421,-121.4238,13.92,91,40,2.06,1651841259
318,Nelson Bay,AU,-32.7167,152.15,12.78,79,0,6.26,1651841260
319,Port Macquarie,AU,-31.4333,152.9167,16.05,82,94,1.68,1651841260
320,Mercedes,AR,-34.6515,-59.4307,18.25,76,0,2.48,1651841260
321,Melbu,NO,68.5044,14.8297,6.9,87,75,8.75,1651841261
322,Flin Flon,CA,54.7682,-101.865,7.91,81,75,2.06,1651841261
323,Lithakia,GR,37.7167,20.8333,21.65,64,40,0.0,1651841261
324,Batemans Bay,AU,-35.7167,150.1833,9.26,62,0,3.29,1651840966
325,Inhambane,MZ,-23.865,35.3833,28.99,58,40,3.09,1651841262
326,Meulaboh,ID,4.1363,96.1285,24.59,90,100,2.52,1651841262
327,Lagos,NG,6.5833,3.75,24.18,86,100,1.75,1651841262
328,Varnavino,RU,57.4035,45.0916,12.45,38,100,4.23,1651841263
329,Bud,US,39.447,-86.1758,15.23,98,100,1.94,1651841263
330,Naze,JP,28.3667,129.4833,21.51,88,98,6.68,1651841108
331,Chute-aux-Outardes,CA,49.1168,-68.399,1.99,51,75,5.66,1651841264
332,Matviyivka,UA,47.0747,35.1444,17.26,31,95,5.86,1651841264
333,Ambilobe,MG,-13.2,49.05,30.35,56,4,4.05,1651841264
334,Beipiao,CN,41.7919,120.7792,12.81,15,0,2.61,1651841265
335,São Filipe,CV,14.8961,-24.4956,23.15,77,0,3.45,1651841265
336,Walvis Bay,NA,-22.9575,14.5053,24.53,43,28,4.12,1651841265
337,Portage,US,41.1667,-81.1998,12.71,88,100,4.12,1651841266
338,Barpāli,IN,21.2,83.5833,36.15,18,55,2.29,1651841266
339,Linjiang,CN,41.8069,126.9078,9.12,87,100,0.93,1651841267
340,Lufilufi,WS,-13.8745,-171.5986,24.88,76,22,3.27,1651841268
341,Arrondissement de Reims,FR,49.1667,4.0833,21.64,52,20,2.57,1651841268
342,Manyana,BW,-23.4,21.7167,24.96,21,6,1.29,1651841268
343,Mvuma,ZW,-19.2792,30.5283,23.31,30,3,3.15,1651841269
344,Amuntai,ID,-2.4177,115.2494,26.93,81,100,0.72,1651841095
345,Anadyr,RU,64.75,177.4833,-3.72,92,100,1.0,1651841089
346,Avera,US,33.194,-82.5271,22.73,75,100,5.61,1651841269
347,Mianyang,CN,31.4593,104.7542,25.99,44,58,0.41,1651841270
348,Huarmey,PE,-10.0681,-78.1522,18.92,86,25,2.72,1651841270
349,Maniitsoq,GL,65.4167,-52.9,-2.31,50,0,0.6,1651841271
350,Nagpur,IN,21.15,79.1,41.01,16,40,2.57,1651841104
351,Ghanzi,BW,-21.5667,21.7833,26.15,20,6,1.13,1651841271
352,Banda Aceh,ID,5.5577,95.3222,25.75,86,100,6.19,1651841272
353,Nikolayevskaya,RU,47.6139,41.5023,13.21,36,100,7.75,1651841273
354,Masunga,BW,-20.6246,27.4488,26.18,22,1,1.44,1651841278
355,Luanda,AO,-8.8368,13.2343,28.0,78,20,4.63,1651841279
356,Kamenka,RU,51.3223,42.7678,11.62,35,6,3.58,1651841279
357,Cravo Norte,CO,6.3017,-70.2041,24.59,83,100,0.82,1651841280
358,Otane,NZ,-39.8833,176.6333,11.12,94,0,0.67,1651841280
359,Port Moresby,PG,-9.4431,147.1797,25.68,94,40,1.54,1651841280
360,Riohacha,CO,11.5444,-72.9072,26.06,89,75,1.54,1651841281
361,Sandwick,GB,60.0,-1.25,10.9,87,75,8.23,1651841281
362,Amberley,US,39.2048,-84.428,16.15,95,100,1.54,1651841281
363,Omboué,GA,-1.5746,9.2618,28.75,78,100,2.94,1651841282
364,Yumen,CN,40.2833,97.2,20.3,18,100,10.43,1651841282
365,Sawākin,SD,19.1059,37.3321,30.53,48,0,6.72,1651841283
366,Fuyu,CN,45.1833,124.8167,10.62,21,100,3.36,1651841283
367,Ascona,CH,46.1545,8.7733,16.99,79,75,2.06,1651841284
368,Namatanai,PG,-3.6667,152.4333,26.72,83,96,4.19,1651841285
369,Norwich,GB,52.6278,1.2983,22.23,40,20,4.63,1651841145
370,Semey,KZ,50.4111,80.2275,24.12,23,0,5.0,1651841285
371,Nabire,ID,-3.3667,135.4833,25.96,88,60,1.18,1651841285
372,Lagoa,PT,39.05,-27.9833,14.77,87,100,4.08,1651841286
373,Conde,BR,-7.2597,-34.9075,25.7,94,100,5.66,1651841286
374,Visby,SE,57.6409,18.296,16.7,62,0,6.17,1651841286
375,Jennings,US,38.7192,-90.2604,12.72,96,100,4.12,1651841287
376,Cap Malheureux,MU,-19.9842,57.6142,26.37,69,69,4.47,1651841287
377,Sinnamary,GF,5.3833,-52.95,26.81,85,99,4.28,1651841287
378,Camopi,GF,3.1655,-52.3158,28.37,73,96,1.09,1651841288
379,Baker City,US,44.7749,-117.8344,10.89,69,20,8.23,1651841288
380,Medicine Hat,CA,50.0501,-110.6683,10.68,57,0,8.23,1651841288
381,Hamilton,US,39.1834,-84.5333,16.53,97,100,3.6,1651841289
382,Monrovia,LR,6.3005,-10.7969,28.42,75,100,3.19,1651841289
383,Hambantota,LK,6.1241,81.1185,31.19,74,75,4.12,1651841289
384,Puerto Rondón,CO,6.2805,-71.1,23.97,85,100,1.06,1651841290
385,Aklavik,CA,68.2191,-135.0107,-6.25,88,100,1.95,1651841290
386,Havelock,US,34.8791,-76.9013,22.97,91,100,1.54,1651841290
387,Vanavara,RU,60.34,102.2797,3.29,90,40,1.68,1651841291
388,Giaveno,IT,45.047,7.3492,13.21,83,100,0.72,1651841291
389,Harper,LR,4.375,-7.7169,29.18,70,100,3.62,1651841291
390,Ukwā,IN,21.9667,80.4667,33.14,15,2,1.36,1651841292
391,Maksi,IN,23.2667,76.15,38.58,12,47,3.97,1651841292
392,De Aar,ZA,-30.6497,24.0123,23.15,23,6,8.13,1651841292
393,Doumé,CM,4.2333,13.45,32.85,39,100,0.59,1651841293
394,Port-Gentil,GA,-0.7193,8.7815,28.06,78,100,4.18,1651841293
395,Saint-Philippe,RE,-21.3585,55.7679,26.77,81,61,7.52,1651841293
396,Tazovsky,RU,67.4667,78.7,-8.02,90,99,1.79,1651841294
397,Chern',RU,53.4523,36.9145,12.69,44,63,3.42,1651841295
398,Pangkalanbuun,ID,-2.6833,111.6167,24.82,96,100,0.99,1651841295
399,Río Gallegos,AR,-51.6226,-69.2181,2.03,80,0,5.14,1651841300
400,Ulaangom,MN,49.9811,92.0667,14.58,23,6,1.31,1651841301
401,Mackenzie,CA,55.2999,-123.1698,3.12,93,100,2.06,1651841301
402,Poum,NC,-20.2333,164.0167,25.19,75,0,8.41,1651841301
403,Half Moon Bay,US,37.4636,-122.4286,14.99,90,100,3.09,1651841302
404,Longyearbyen,SJ,78.2186,15.6401,-3.09,74,75,1.54,1651841302
405,Portland,US,45.5234,-122.6762,10.99,94,100,0.45,1651841303
406,Göksun,TR,38.021,36.4973,7.9,73,100,4.3,1651841304
407,Sterling,US,39.0062,-77.4286,14.83,96,100,4.12,1651841304
408,Flagstaff,US,35.1981,-111.6513,12.45,30,31,0.45,1651841305
409,Sukhodol,RU,53.9006,51.2117,9.54,38,96,4.85,1651841305
410,Orlovskiy,RU,46.8714,42.0592,12.92,38,100,7.82,1651841305
411,Nehe,CN,48.4833,124.8333,5.78,50,72,2.89,1651841305
412,Nuevitas,CU,21.5453,-77.2644,26.07,79,3,1.7,1651841306
413,Zhuanghe,CN,39.7008,122.9911,12.7,71,100,2.42,1651841306
414,São Félix do Xingu,BR,-6.6447,-51.995,28.3,69,11,0.96,1651841306
415,Reyes,BO,-14.3167,-67.3833,20.09,94,1,0.0,1651841307
416,Vyazemskiy,RU,47.5378,134.7525,6.52,54,5,3.54,1651841307
417,Shache,CN,38.4167,77.2406,29.55,17,77,2.3,1651841307
418,Souillac,MU,-20.5167,57.5167,26.21,69,75,6.69,1651841308
419,Preobrazheniye,RU,42.9019,133.9064,10.54,90,100,2.48,1651841308
420,Neiafu,TO,-18.65,-173.9833,22.38,100,20,0.0,1651841308
421,Lujiang,CN,31.2581,117.2817,23.7,52,0,2.23,1651841309
422,Lerwick,GB,60.1545,-1.1494,11.0,89,94,8.02,1651841309
423,Murovani Kurylivtsi,UA,48.7235,27.5189,17.94,36,9,4.51,1651841309
424,Ahmadpur,IN,18.7,76.9333,38.76,11,13,4.0,1651841310
425,Mēga,ET,4.05,38.3,20.76,64,70,4.67,1651841310
426,Ojinaga,MX,29.5667,-104.4167,19.12,20,0,1.54,1651841310
427,Tiznit Province,MA,29.5833,-9.5,30.42,13,0,6.09,1651841311
428,Sühbaatar,MN,50.2314,106.2078,10.84,27,100,2.26,1651841311
429,Santiago,CL,-33.4569,-70.6483,21.66,41,0,2.06,1651841311
430,Ipilan,PH,8.8431,117.9033,27.3,83,100,4.15,1651841312
431,Enshi,CN,30.3,109.4833,22.47,74,100,1.4,1651841312
432,Olafsvik,IS,64.8945,-23.7142,2.82,54,78,7.05,1651841312
433,Eureka,US,40.8021,-124.1637,14.55,76,100,4.21,1651841313
434,Progreso,MX,21.2833,-89.6667,25.62,81,87,5.7,1651841313
435,Lugovoy,KZ,42.9472,72.7644,19.86,67,100,5.18,1651841313
436,Kota Belud,MY,6.351,116.4305,26.28,90,100,2.21,1651841314
437,Lima,PE,-12.0432,-77.0282,19.39,81,17,2.57,1651841314
438,Chara,RU,56.9064,118.2631,-0.89,72,15,1.82,1651841314
439,Bowen,AU,-20.0167,148.2333,23.77,89,100,3.63,1651841315
440,Liaozhong,CN,41.5061,122.7242,13.56,16,3,2.2,1651841315
441,Conceição do Araguaia,BR,-8.2578,-49.2647,29.01,69,88,1.26,1651841315
442,Manohar Thāna,IN,24.24,76.8018,37.06,16,90,1.65,1651841321
443,Acarí,PE,-15.4311,-74.6158,20.92,78,61,1.61,1651841322
444,Dunedin,NZ,-45.8742,170.5036,13.22,88,95,1.39,1651841201
445,Sairang,IN,23.8,92.6667,25.73,75,45,0.51,1651841323
446,Alghero,IT,40.5589,8.3181,15.05,100,75,3.6,1651841323
447,Kirgiz-Miyaki,RU,53.6324,54.7979,7.75,35,99,6.17,1651841324
448,Alyangula,AU,-13.8483,136.4192,23.93,78,8,1.03,1651841140
449,Ouégoa,NC,-20.35,164.4333,23.8,81,0,6.18,1651841324
450,Madimba,TZ,-10.4,40.3333,30.62,66,40,7.72,1651841325
451,Alta Floresta,BR,-9.8756,-56.0861,27.9,69,0,2.57,1651841325
452,Mount Gambier,AU,-37.8333,140.7667,8.95,87,100,2.57,1651841325
453,Gizo Government Station,SB,-8.103,156.8419,28.4,75,86,2.01,1651841325
454,North Adams,US,42.7009,-73.1087,13.7,43,75,0.45,1651841326
455,Sur,OM,22.5667,59.5289,33.09,45,0,6.51,1651841326
456,Kango,GA,0.1943,10.0951,29.29,78,98,2.19,1651841327
457,Qaqortoq,GL,60.7167,-46.0333,1.98,95,100,3.98,1651841327
458,Bilma,NE,18.6853,12.9164,42.12,6,60,6.36,1651841327
459,Salekhard,RU,66.53,66.6019,-5.34,78,4,3.27,1651841328
460,Zhangjiakou,CN,40.81,114.8794,13.47,14,79,5.26,1651841244
461,Phan Thiet,VN,10.9333,108.1,26.86,82,24,5.02,1651841328
462,Bahía Blanca,AR,-38.7196,-62.2724,15.94,50,0,1.89,1651841329
463,Baruun-Urt,MN,46.6806,113.2792,4.28,21,0,2.06,1651841329
464,Xiongzhou,CN,25.1167,114.3,24.23,75,100,1.1,1651841329
465,Beringovskiy,RU,63.05,179.3167,-10.85,96,41,2.15,1651841329
466,Zhuhai,CN,22.2769,113.5678,25.88,78,20,4.12,1651841143
467,Andros Town,BS,24.7,-77.7667,24.98,73,0,3.03,1651841330
468,Nobres,BR,-14.7203,-56.3275,22.37,47,0,1.14,1651841330
469,Ząbkowice Śląskie,PL,50.5897,16.8124,17.86,66,100,2.77,1651841331
470,Guatire,VE,10.4762,-66.5427,28.16,90,100,1.51,1651841331
471,Tezu,IN,27.9167,96.1667,25.55,67,7,1.78,1651841331
472,Ibrā’,OM,22.6906,58.5334,38.24,8,0,6.97,1651841331
473,Sechura,PE,-5.5569,-80.8222,20.02,78,7,5.0,1651841332
474,Olden,NO,61.8364,6.8064,11.41,100,100,4.11,1651841332
475,Nemuro,JP,43.3236,145.575,7.27,91,62,7.6,1651841333
476,Debre Birhan,ET,9.6833,39.5333,21.3,21,19,8.12,1651841333
477,Mungwi,ZM,-10.1732,31.3694,24.06,55,83,2.7,1651841334
478,Saldanha,ZA,-33.0117,17.9442,15.03,82,99,4.47,1651841334
479,Porto Empedocle,IT,37.2934,13.5264,17.4,86,99,5.49,1651841334
480,Nchelenge,ZM,-9.3451,28.734,25.68,60,78,2.88,1651841335
481,Srednekolymsk,RU,67.45,153.6833,-0.65,99,100,2.62,1651841335
482,Evensk,RU,61.95,159.2333,-0.9,98,100,6.68,1651841335
483,Finschhafen,PG,-6.6024,147.8681,26.73,84,100,2.22,1651841336
484,Leiyang,CN,26.4024,112.8591,25.23,70,100,2.1,1651841336
485,Querecotillo,PE,-4.8378,-80.6456,22.87,68,12,2.56,1651841336
486,Mahajanga,MG,-15.7167,46.3167,34.01,43,20,3.09,1651841336
487,Taoudenni,ML,22.6783,-3.9836,38.26,7,0,2.06,1651841342
488,Tomohon,ID,1.3346,124.8392,22.52,94,40,0.8,1651841342
489,Moram,IN,17.8,76.4667,38.49,11,57,5.14,1651841342
490,Ucluelet,CA,48.9329,-125.5528,5.05,89,100,1.4,1651841343
491,Concarneau,FR,47.875,-3.9225,21.01,66,98,3.59,1651841343
492,Seryshevo,RU,51.0933,128.3786,5.28,42,13,6.09,1651841344
493,Puerto del Rosario,ES,28.5004,-13.8627,21.86,73,0,6.17,1651841344
494,Benton Harbor,US,42.1167,-86.4542,11.06,92,100,4.12,1651841344
495,Sept-Îles,CA,50.2001,-66.3821,2.29,55,75,4.63,1651841345
496,Hūn,LY,29.1268,15.9477,37.09,7,97,5.0,1651841350
497,Ladysmith,CA,48.9829,-123.8194,8.51,92,100,3.58,1651841350
498,Byron Bay,AU,-28.65,153.6167,19.94,90,100,2.26,1651841350
499,Cayenne,GF,4.9333,-52.3333,25.61,1,75,2.24,1651841350
500,Kumul,CN,42.8,93.45,27.48,19,100,3.74,1651841351
501,Madridejos,ES,39.4682,-3.532,20.41,28,0,4.38,1651841351
502,Henties Bay,NA,-22.116,14.2845,19.68,67,9,6.05,1651841352
503,Kavaratti,IN,10.5669,72.642,29.49,70,100,5.01,1651841352
504,High Prairie,CA,55.4334,-116.4858,8.01,97,100,2.32,1651841352
505,Chimbote,PE,-9.0853,-78.5783,17.97,90,78,2.21,1651841353
506,Nurota,UZ,40.5614,65.6886,28.1,31,100,2.02,1651841353
507,Madang,PG,-5.2246,145.7966,26.22,86,78,0.65,1651841353
508,Karapyshi,UA,49.6424,30.79,16.27,42,20,3.24,1651841354
509,Tiksi,RU,71.6872,128.8694,-1.97,82,100,7.32,1651841305
510,Kenai,US,60.5544,-151.2583,4.49,90,100,3.09,1651841354
511,Mugeni,RO,46.25,25.2167,20.2,43,9,2.08,1651841354
512,Weymouth,US,42.2209,-70.9398,15.02,54,100,2.06,1651841355
513,Mt. Pleasant,US,32.7941,-79.8626,26.14,80,0,3.6,1651841355
514,Ambulu,ID,-8.345,113.6058,25.5,91,45,1.68,1651841355
515,Lucapa,AO,-8.4192,20.7447,30.26,39,95,2.14,1651841356
